<?xml version="1.0" encoding="UTF-8"?>
<!DOCTYPE MudletPackage>
<MudletPackage version="1.001">
	<TriggerPackage />
	<TimerPackage />
	<AliasPackage />
	<ActionPackage />
	<ScriptPackage>
		<ScriptGroup isActive="yes" isFolder="yes">
			<name>arm</name>
			<packageName>arm</packageName>
			<script></script>
			<eventHandlerList />
			<Script isActive="yes" isFolder="no">
				<name>namescript</name>
				<packageName></packageName>
				<script>if not armnames then
	armnames = {}
	armnamesPath = getMudletHomeDir() .. "/armnames.lua"
	if io.exists(armnamesPath) then
		table.load(armnamesPath, armnames)
	end
end

local armnames_loaded = armnames_loaded or false
local armnames_aliases = armnames_aliases or {}

function armnames_setup()
	if #armnames_aliases == 0 then
		-- setup aliases
		table.insert(armnames_aliases, 
			tempAlias("^name (.+) - (.+)$", [[armnames_storeName(matches[2], matches[3])]]))
		table.insert(armnames_aliases,
			tempAlias("^unname (.+) - (.+)$", [[armnames_removeName(matches[2], matches[3])]]))
		table.insert(armnames_aliases,
			tempAlias("^list names$", [[armnames_listNames()]]))
	end
	
	if #armnames == 0 or not armnames_loaded then
		cecho("&lt;green&gt;namescript: Loading existing names...\n")
		
		-- convert armnames to new table structure if old
		if #armnames == 0 then
			if not armnames_new then armnames_new = {} end
  		for key,v in pairs(armnames) do
				local nameTable = {}
				nameTable.name = key
				nameTable.sdesc = v.sdesc
				table.insert(armnames_new, nameTable)
  		end
			armnames = armnames_new
		end
		
		for i,v in ipairs(armnames) do
			armnames_loadNameAsTrigger(i)
		end
		armnames_loaded = true
	end
end

function armnames_loadNameAsTrigger(i)
	upper = armnames[i].sdesc:gsub("^%l", string.upper)
	lower = armnames[i].sdesc:lower()
	
	if armnames[i].upperTrigger then
		killTrigger(armnames[i].upperTrigger)
	end
	if armnames[i].lowerTrigger then
		killTrigger(armnames[i].lowerTrigger)
	end
	
	armnames[i].upperTrigger = tempTrigger(upper, function()
		local r,g,b
		selectString(matches[1], 1)
		r,g,b = getFgColor()
		replace(matches[1] .. " (" .. armnames[i].name .. ")")
		selectString(matches[1] .. " (" .. armnames[i].name .. ")", 1)
		setFgColor(r, g, b)
		deselect()
	end)
	
	armnames[i].lowerTrigger = tempTrigger(lower, function()
		local r,g,b
		selectString(matches[1], 1)
		r,g,b = getFgColor()
		replace(matches[1] .. " (" .. armnames[i].name .. ")")
		selectString(matches[1] .. " (" .. armnames[i].name .. ")", 1)
		setFgColor(r, g, b)
		deselect()
	end)
end

function armnames_storeName (name, sdesc)
	sdesc = sdesc:lower()
	
	-- check if name and sdesc already exists
	for i,v in ipairs(armnames) do
		if v.name == name and v.sdesc == sdesc then
			previousSdesc = v.sdesc
			previousInd = i
		end
	end
	
	if not previousSdesc and not previousInd then
  	local nameTable = {}
  	nameTable.name = name
  	nameTable.sdesc = sdesc
		table.insert(armnames, nameTable)
		armnames_loadNameAsTrigger(#armnames)
		cecho("&lt;green&gt;namescript: " .. sdesc .. " is now named " .. name .. ".\n")
	else
		armnames[previousInd].name = name
		armnames[previousInd].sdesc = sdesc
		armnames_loadNameAsTrigger(previousInd)
		cecho("&lt;green&gt;namescript: " .. sdesc .. " is now named " .. name .. ", replacing " .. previousSdesc .. ".\n")
	end
	
end

function armnames_removeName(name, sdesc)
  for i,value in ipairs(armnames) do
  	if value.name == name and value.sdesc == sdesc then
  		killTrigger(armnames[i].upperTrigger)
  		killTrigger(armnames[i].lowerTrigger)
  		table.remove(armnames, i)
  		cecho("&lt;green&gt;namescript: Removed " .. name .. ".\n")
		end
	end
end

function armnames_saveNames()
	table.save(armnamesPath, armnames)
end

function armnames_listNames()
	cecho("&lt;green&gt;namescript: Names currently saved:\n")
	for i,v in ipairs(armnames) do
		cecho("&lt;DarkKhaki&gt;" .. v.name .. " - " .. v.sdesc)
		cecho("\n")
	end
end

registerAnonymousEventHandler("sysConnectionEvent", "armnames_setup")
registerAnonymousEventHandler("sysExitEvent", "armnames_saveNames")</script>
				<eventHandlerList />
			</Script>
		</ScriptGroup>
	</ScriptPackage>
	<KeyPackage />
	<VariablePackage>
		<HiddenVariables />
	</VariablePackage>
</MudletPackage>
