<?xml version="1.0" encoding="UTF-8"?>
<!DOCTYPE MudletPackage>
<MudletPackage version="1.001">
	<TriggerPackage>
		<Trigger isActive="yes" isFolder="no" isTempTrigger="no" isMultiline="no" isPerlSlashGOption="no" isColorizerTrigger="no" isFilterTrigger="no" isSoundTrigger="no" isColorTrigger="no" isColorTriggerFg="no" isColorTriggerBg="no">
			<name>catchprompt</name>
			<script>prompt_HP = tonumber(matches[2])
prompt_maxHP = tonumber(matches[3])
prompt_MV = tonumber(matches[4])
prompt_maxMV = tonumber(matches[5])
prompt_ST = tonumber(matches[6])
prompt_maxST = tonumber(matches[7])
prompt_MA = tonumber(matches[8])
prompt_maxMA = tonumber(matches[9])
prompt_armed = matches[10]
prompt_speed = matches[11]
prompt_position = matches[12]
prompt_accent = matches[13]
prompt_language = matches[14]
prompt_day = matches[15]
prompt_time = matches[16]
prompt_weight = matches[17]
effects = {}
if (string.len(matches[18]) &gt; 0) then
	prompt_scan = matches[18]
else
	prompt_scan = nil
end
if (string.len(matches[19]) &gt; 0) then
	prompt_listen = matches[19]
else
	prompt_listen = nil
end
prompt_mood = matches[20]
prompt_name = matches[21]
prompt_hunger = matches[22]
prompt_thirst = matches[23]
prompt_stance = matches[24]

setHP(prompt_HP, prompt_maxHP)
setMV(prompt_MV, prompt_maxMV)
setST(prompt_ST, prompt_maxST)
setMA(prompt_MA, prompt_maxMA)

setArmed(prompt_armed)
setRiposte(prompt_stance)
setSpeed(prompt_speed)
setPosition(prompt_position)
setAccent(prompt_accent)
setLanguage(prompt_language)
setDay(prompt_day)
setTime(prompt_time)
setWeight(prompt_weight)

setScan(prompt_scan)
setListen(prompt_listen)
setHunger(prompt_hunger)
setThirst(prompt_thirst)
setMood(prompt_mood)
setName(prompt_name)

if not (matches[25] == "") then
  	selectString(line, 1)
  	replace(matches[25])
else
		deleteLine()
end</script>
			<triggerType>0</triggerType>
			<conditonLineDelta>0</conditonLineDelta>
			<mStayOpen>0</mStayOpen>
			<mCommand></mCommand>
			<packageName></packageName>
			<mFgColor>#ff0000</mFgColor>
			<mBgColor>#ffff00</mBgColor>
			<mSoundFile></mSoundFile>
			<colorTriggerFgColor>#000000</colorTriggerFgColor>
			<colorTriggerBgColor>#000000</colorTriggerBgColor>
			<regexCodeList>
				<string>^(\-?\d+)\/(\-?\d+)\|(\-?\d+)\/(\-?\d+)\|(\-?\d+)\/(\-?\d+)\|(\-?\d+)\/(\-?\d+)\|(\w+)\|(\w+)\|(.+?)\|(\w+)\|(\w+)\|(\w+)\|(.+?)\|(.+?)\|(.*?)\|(.*?)\|(.*?)\|(.*?)\|(.+?)\|(.+?)\|(.+?)&gt;(.*?)$</string>
			</regexCodeList>
			<regexCodePropertyList>
				<integer>1</integer>
			</regexCodePropertyList>
		</Trigger>
		<TriggerGroup isActive="yes" isFolder="yes" isTempTrigger="no" isMultiline="no" isPerlSlashGOption="no" isColorizerTrigger="no" isFilterTrigger="no" isSoundTrigger="no" isColorTrigger="no" isColorTriggerFg="no" isColorTriggerBg="no">
			<name>mapper</name>
			<script></script>
			<triggerType>0</triggerType>
			<conditonLineDelta>0</conditonLineDelta>
			<mStayOpen>0</mStayOpen>
			<mCommand></mCommand>
			<packageName></packageName>
			<mFgColor>#ff0000</mFgColor>
			<mBgColor>#ffff00</mBgColor>
			<mSoundFile></mSoundFile>
			<colorTriggerFgColor>#000000</colorTriggerFgColor>
			<colorTriggerBgColor>#000000</colorTriggerBgColor>
			<regexCodeList />
			<regexCodePropertyList />
			<Trigger isActive="yes" isFolder="no" isTempTrigger="no" isMultiline="no" isPerlSlashGOption="no" isColorizerTrigger="no" isFilterTrigger="no" isSoundTrigger="no" isColorTrigger="no" isColorTriggerFg="no" isColorTriggerBg="no">
				<name>move_forced</name>
				<script>raiseEvent('onForcedMove', matches[2], 'true')</script>
				<triggerType>0</triggerType>
				<conditonLineDelta>0</conditonLineDelta>
				<mStayOpen>0</mStayOpen>
				<mCommand></mCommand>
				<packageName></packageName>
				<mFgColor>#ff0000</mFgColor>
				<mBgColor>#ffff00</mBgColor>
				<mSoundFile></mSoundFile>
				<colorTriggerFgColor>#000000</colorTriggerFgColor>
				<colorTriggerBgColor>#000000</colorTriggerBgColor>
				<regexCodeList>
					<string>^You follow .+, and .+ (.+)\.$</string>
				</regexCodeList>
				<regexCodePropertyList>
					<integer>1</integer>
				</regexCodePropertyList>
			</Trigger>
			<Trigger isActive="yes" isFolder="no" isTempTrigger="no" isMultiline="no" isPerlSlashGOption="no" isColorizerTrigger="no" isFilterTrigger="no" isSoundTrigger="no" isColorTrigger="no" isColorTriggerFg="no" isColorTriggerBg="no">
				<name>newroom</name>
				<script>raiseEvent('onNewRoom')

local longDirs = {N = 'north', S = 'south', E = 'east', W = 'west', U = 'up', D = 'down'}
local exits = matches[3]
exits = string.gsub(exits, "%a", longDirs)

map.prompt.room = matches[2]
map.prompt.exits = exits

raiseEvent('onPrompt')</script>
				<triggerType>0</triggerType>
				<conditonLineDelta>0</conditonLineDelta>
				<mStayOpen>0</mStayOpen>
				<mCommand></mCommand>
				<packageName></packageName>
				<mFgColor>#ff0000</mFgColor>
				<mBgColor>#ffff00</mBgColor>
				<mSoundFile></mSoundFile>
				<colorTriggerFgColor>#000000</colorTriggerFgColor>
				<colorTriggerBgColor>#000000</colorTriggerBgColor>
				<regexCodeList>
					<string>(.+?)\ \[((?:(?:N|E|S|W|U|D)(?:, )?)+)(?:(?:, )(?:Quit|Save|Leave))*\]</string>
				</regexCodeList>
				<regexCodePropertyList>
					<integer>1</integer>
				</regexCodePropertyList>
			</Trigger>
			<Trigger isActive="yes" isFolder="no" isTempTrigger="no" isMultiline="no" isPerlSlashGOption="no" isColorizerTrigger="no" isFilterTrigger="no" isSoundTrigger="no" isColorTrigger="no" isColorTriggerFg="no" isColorTriggerBg="no">
				<name>move_random</name>
				<script>raiseEvent('onRandomMove')
</script>
				<triggerType>0</triggerType>
				<conditonLineDelta>0</conditonLineDelta>
				<mStayOpen>0</mStayOpen>
				<mCommand></mCommand>
				<packageName></packageName>
				<mFgColor>#ff0000</mFgColor>
				<mBgColor>#ffff00</mBgColor>
				<mSoundFile></mSoundFile>
				<colorTriggerFgColor>#000000</colorTriggerFgColor>
				<colorTriggerBgColor>#000000</colorTriggerBgColor>
				<regexCodeList>
					<string>You stumble around in the darkness and lose your bearings.</string>
					<string>Blowing, stinging sands cause you to lose your bearings.</string>
				</regexCodeList>
				<regexCodePropertyList>
					<integer>0</integer>
					<integer>0</integer>
				</regexCodePropertyList>
			</Trigger>
			<Trigger isActive="yes" isFolder="no" isTempTrigger="no" isMultiline="no" isPerlSlashGOption="no" isColorizerTrigger="no" isFilterTrigger="no" isSoundTrigger="no" isColorTrigger="no" isColorTriggerFg="no" isColorTriggerBg="no">
				<name>vision_fail</name>
				<script>raiseEvent('onVisionFail')</script>
				<triggerType>0</triggerType>
				<conditonLineDelta>0</conditonLineDelta>
				<mStayOpen>0</mStayOpen>
				<mCommand></mCommand>
				<packageName></packageName>
				<mFgColor>#ff0000</mFgColor>
				<mBgColor>#ffff00</mBgColor>
				<mSoundFile></mSoundFile>
				<colorTriggerFgColor>#000000</colorTriggerFgColor>
				<colorTriggerBgColor>#000000</colorTriggerBgColor>
				<regexCodeList>
					<string>^Darkness$</string>
					<string>You can't see a thing; sand swirls about you!</string>
				</regexCodeList>
				<regexCodePropertyList>
					<integer>1</integer>
					<integer>0</integer>
				</regexCodePropertyList>
			</Trigger>
			<Trigger isActive="yes" isFolder="no" isTempTrigger="no" isMultiline="no" isPerlSlashGOption="no" isColorizerTrigger="no" isFilterTrigger="no" isSoundTrigger="no" isColorTrigger="no" isColorTriggerFg="no" isColorTriggerBg="no">
				<name>move_fail</name>
				<script>raiseEvent('onMoveFail')</script>
				<triggerType>0</triggerType>
				<conditonLineDelta>0</conditonLineDelta>
				<mStayOpen>0</mStayOpen>
				<mCommand></mCommand>
				<packageName></packageName>
				<mFgColor>#ff0000</mFgColor>
				<mBgColor>#ffff00</mBgColor>
				<mSoundFile></mSoundFile>
				<colorTriggerFgColor>#000000</colorTriggerFgColor>
				<colorTriggerBgColor>#000000</colorTriggerBgColor>
				<regexCodeList>
					<string>Alas, you cannot go that way.</string>
				</regexCodeList>
				<regexCodePropertyList>
					<integer>0</integer>
				</regexCodePropertyList>
			</Trigger>
		</TriggerGroup>
	</TriggerPackage>
	<TimerPackage />
	<AliasPackage>
		<Alias isActive="yes" isFolder="no">
			<name>setprompt</name>
			<script></script>
			<command>prompt %h/%H|%v/%V|%t/%T|%m/%M|%A|%w|%S|%a|%o|%d|%e|%E|%p|%P|%O|%n|%u|%U|%c&gt;</command>
			<packageName></packageName>
			<regex>^setprompt$</regex>
		</Alias>
	</AliasPackage>
	<ActionPackage />
	<ScriptPackage>
		<Script isActive="yes" isFolder="no">
			<name>prompt</name>
			<packageName></packageName>
			<script>setBorderBottom(128)
setBorderColor(22,19,15)
setBgColor(22,19,15)

setStyleWithSlash = function (element, style)
  element:setStyleSheet(style:gsub("\\","/"))
end

bottomBarBorder = Geyser.Label:new({
	name = "bottomBarBorder",
	x = "0",
	y = "-120",
	width = "100%",
	height = "120",
}, main)
setStyleWithSlash(bottomBarBorder, [[
	border-radius: 3px;
	border-image: url(]]..getMudletHomeDir()..[[/arm_prompt/assets/border.png);
	background-opacity: 1;
]])

bottomBar = Geyser.Label:new({
	name = "bottomBar",
	x = "10",
	y = "10",
	width = "-10",
	height = "-10",
}, bottomBarBorder)
setStyleWithSlash(bottomBar, [[
	background-color: #251D1A;
	background-image: url(]]..getMudletHomeDir()..[[/arm_prompt/assets/bg.png);
	background-position: 'bottom';
	background-size: 'cover';
]])

topLeftCorner = Geyser.Label:new({
	name = "topLeftCorner",
	x = 0,
	y = 0,
	width = 20,
	height = 20,
}, bottomBarBorder)
setStyleWithSlash(topLeftCorner, [[
	border-image: url(]]..getMudletHomeDir()..[[/arm_prompt/assets/topleftcorner.png);
]])

topRightCorner = Geyser.Label:new({
	name = "topRightCorner",
	x = -20,
	y = 0,
	width = 20,
	height = 20,
}, bottomBarBorder)
setStyleWithSlash(topRightCorner, [[
	border-image: url(]]..getMudletHomeDir()..[[/arm_prompt/assets/toprightcorner.png);
]])

bottomLeftCorner = Geyser.Label:new({
	name = "bottomLeftCorner",
	x = 0,
	y = -20,
	width = 20,
	height = 20,
}, bottomBarBorder)
setStyleWithSlash(bottomLeftCorner, [[
	border-image: url(]]..getMudletHomeDir()..[[/arm_prompt/assets/bottomleftcorner.png);
]])

bottomRightCorner = Geyser.Label:new({
	name = "bottomRightCorner",
	x = -20,
	y = -20,
	width = 20,
	height = 21,
}, bottomBarBorder)
setStyleWithSlash(bottomRightCorner, [[
	border-image: url(]]..getMudletHomeDir()..[[/arm_prompt/assets/bottomrightcorner.png);
]])

topBorder = Geyser.Label:new({
	name = "topBorder",
	x = 20,
	y = 0,
	width = -20,
	height = 9,
}, bottomBarBorder)
setStyleWithSlash(topBorder, [[
	border-image: url(]]..getMudletHomeDir()..[[/arm_prompt/assets/topborder.png);
]])

leftBorder = Geyser.Label:new({
	name = "leftBorder",
	x = 0,
	y = 20,
	width = 9,
	height = -20,
}, bottomBarBorder)
setStyleWithSlash(leftBorder, [[
	border-image: url(]]..getMudletHomeDir()..[[/arm_prompt/assets/leftborder.png);
]])

rightBorder = Geyser.Label:new({
	name = "rightBorder",
	x = -9,
	y = 20,
	width = 9,
	height = -20,
}, bottomBarBorder)
setStyleWithSlash(rightBorder, [[
	border-image: url(]]..getMudletHomeDir()..[[/arm_prompt/assets/rightborder.png);
]])

bottomBorder = Geyser.Label:new({
	name = "bottomBorder",
	x = 20,
	y = -9,
	width = -20,
	height = 9,
}, bottomBarBorder)

setStyleWithSlash(bottomBorder, [[
	border-image: url(]]..getMudletHomeDir()..[[/arm_prompt/assets/bottomborder.png);
]])

pointsBar = Geyser.Label:new({	
	name = "pointsBar",
	x = "5",
	y = "5",
	width = "31%",
	height = "90",
}, bottomBar)

pointsBar:setStyleSheet([[
	background: rgba(33, 29, 23, 0.6);
	border: 1px solid rgb(11, 10, 8);
	border-radius: 2px;
]])

pointsBar.labels = Geyser.VBox:new({
	name = "pointsBar.labels",
	x = "5px",
	y = "8%",
	width = "30%",
	height = "90%",
}, pointsBar)

pointsBar.box = Geyser.VBox:new({
	name = "pointsBar.box",
	x = "30%",
	y = "5",
	width = "68%",
	height = "90%",
}, pointsBar)

HPBar = Geyser.Gauge:new({
	name="HPBar",
	x=0, y=0,
}, pointsBar.box)

HPBar.front:setStyleSheet([[
	background-color: rgba(145, 181, 72, .8);
	border: 1px solid rgb(11, 10, 8);
	border-radius: 5px;
]])

HPBar.back:setStyleSheet([[
	border: 1px solid rgb(11, 10, 8);
	border-radius: 5px;
]])

HPLabel = Geyser.Label:new({
	name = "HPLabel",
	x = 0, y = 0,
	width = "100%", height = "100%",
	fgColor = "#EADFD4",
	message = [[Health]]
}, pointsBar.labels)

HPLabel:setStyleSheet([[
	background: rgba(0,0,0,0);
	font-family: 'Fondamento', serif;
	qproperty-alignment: 'AlignLeft';
	text-shadow: 4px 4px 2px rgba(150, 150, 150, 1);
]])

HPInfo = Geyser.Label:new({
	name = "HPInfo",
	x = 0, y = 0,
	width = "100%", height = "100%",
	fgColor = "#EADFD4",
}, HPBar)

HPInfo:setStyleSheet([[
	font-family: 'Fondamento', serif;
	qproperty-alignment: 'AlignCenter';
	background: rgba(0,0,0,0);
]])

HPInfo:echo("HP")

MVBar = Geyser.Gauge:new({
	name = "MVBar",
	x="0%", y="5%",
}, pointsBar.box)

MVBar.front:setStyleSheet([[
	background-color: rgba(204, 124, 31, .8);
	border: 1px solid rgb(11, 10, 8);
	border-radius: 5px;
]])

MVBar.back:setStyleSheet([[
	border: 1px solid rgb(11, 10, 8);
	border-radius: 5px;
]])

MVLabel = Geyser.Label:new({
	name = "MVLabel",
	x = 0, y = 0,
	width = "100%", height = "100%",
	fgColor = "#EADFD4",
	message = [[Stamina]],
}, pointsBar.labels)
MVLabel:setColor(0,0,0,0)

MVLabel:setStyleSheet([[
	background: rgba(0,0,0,0);
	font-family: 'Fondamento', serif;
	qproperty-alignment: 'AlignLeft';
]])

MVInfo = Geyser.Label:new({
	name = "MVInfo",
	x = 0, y = 0,
	width = "100%", height = "100%",
	fgColor = "#EADFD4",
}, MVBar)

MVInfo:setStyleSheet([[
	font-family: 'Fondamento', serif;
	qproperty-alignment: 'AlignCenter';
	background: rgba(0,0,0,0);
]])

MVInfo:echo("MV")

STBar = Geyser.Gauge:new({
	name = "STBar",
	x="0%", y="10%",
}, pointsBar.box)

STBar.front:setStyleSheet([[
	background-color: rgba(190, 98, 98, 0.8);
	border: 1px solid rgb(11, 10, 8);
	border-radius: 5px;
]])

STBar.back:setStyleSheet([[
	border: 1px solid rgb(11, 10, 8);
	border-radius: 5px;
]])

STLabel = Geyser.Label:new({
	name = "STLabel",
	x = 0, y = 0,
	width = "100%", height = "100%",
	fgColor = "#EADFD4",
	message = [[Stun]]
}, pointsBar.labels)

STLabel:setStyleSheet([[
	background: rgba(0,0,0,0);
	font-family: 'Fondamento', serif;
	qproperty-alignment: 'AlignLeft';
]])

STInfo = Geyser.Label:new({
	name = "STInfo",
	x = 0, y = 0,
	width = "100%", height = "100%",
	fgColor = "#EADFD4",
}, STBar)

STInfo:setStyleSheet([[
	font-family: 'Fondamento', serif;
	qproperty-alignment: 'AlignCenter';
	background: rgba(0,0,0,0);
]])

STInfo:echo("ST")

MABar = Geyser.Gauge:new({
	name = "MABar",
	x="0%", y="15%",
}, pointsBar.box)

MABar.front:setStyleSheet([[
	background-color: rgba(135, 170, 187, 0.8);
	border: 1px solid rgb(11, 10, 8);
	border-radius: 5px;
]])

MABar.back:setStyleSheet([[
	border: 1px solid rgb(11, 10, 8);
	border-radius: 5px;
]])

MALabel = Geyser.Label:new({
	name = "MALabel",
	x = 0, y = 0,
	width = "100%", height = "100%",
	fgColor = "#EADFD4",
	message = [[Mana]]
}, pointsBar.labels)
MALabel:setColor(0,0,0,0)

MALabel:setStyleSheet([[
	background: rgba(0,0,0,0);
	font-family: 'Fondamento', serif;
	qproperty-alignment: 'AlignLeft';
]])

MAInfo = Geyser.Label:new({
	name = "MAInfo",
	x = 0, y = 0,
	width = "100%", height = "100%",
	fgColor = "#EADFD4",
}, MABar)

MAInfo:setStyleSheet([[
	font-family: 'Fondamento', serif;
	qproperty-alignment: 'AlignCenter';
	background: rgba(0,0,0,0);
]])

MAInfo:echo("MA")

setHP = function(current, total)
	HPBar:setValue(current, total)
	return HPInfo:echo(current .. " / " .. total, nil, "c")
end

setMV = function(current, total)
	MVBar:setValue(current, total)
	return MVInfo:echo(current .. " / " .. total, nil, "c")
end

setST = function(current, total)
	STBar:setValue(current, total)
	return STInfo:echo(current .. " / " .. total, nil, "c")
end

setMA = function(current, total)
	MABar:setValue(current, total)
	return MAInfo:echo(current .. " / " .. total, nil, "c")
end

setHP(30, 125)
setMV(130, 133)


statBar = Geyser.Label:new({
	name = "statBar",
	x = "32%",
	y = "5",
	width = "-5",
	height = "90",
}, bottomBar)

statBar:setStyleSheet([[
	background: rgba(33, 29, 23, 0.6);
	border: 1px solid rgb(11, 10, 8);
	border-radius: 2px;
]])

armedLabel = Geyser.Label:new({
	name = "armedLabel",
	x = "5px",
	y = "7px",
	width = "30%",
	height = "20",
	message = [[unarmed]],
}, statBar)

armedLabel:setStyleSheet([[
	font-family: 'Fondamento', serif;
	qproperty-alignment: 'AlignRight|AlignCenter';
	padding-right: 10;
	border: 1px solid rgb(11, 10, 8);
	background: rgba(70, 62, 62, 0.6);
	border-radius: 2px;
]])

setArmed = function(text)
	if (text == "armed") then
		armedLabel:setStyleSheet([[
			font-family: 'Fondamento', serif;
			qproperty-alignment: 'AlignRight|AlignCenter';
			padding-right: 10;
			background: rgba(107, 22, 1, 0.6);
    	border: 1px solid rgb(11, 10, 8);
    	border-radius: 2px;
		]])
		armedLabel:echo("armed")
	else
		armedLabel:setStyleSheet([[
			font-family: 'Fondamento', serif;
			qproperty-alignment: 'AlignRight|AlignCenter';
			padding-right: 10;
			background: rgba(70, 62, 62, 0.6);
    	border: 1px solid rgb(11, 10, 8);
    	border-radius: 2px;
		]])
		armedLabel:echo("unarmed")
	end
end

riposteToggle = Geyser.Label:new({
	name = "riposteToggle",
	x = "32%",
	y = "7",
	height = "20px",
	width = "20%",
	message = [[Riposte]],
}, statBar)

riposteToggle:setStyleSheet([[
	QLabel {
  	font-family: 'Fondamento', serif;
  	qproperty-alignment: 'AlignCenter|AlignCenter';
  	padding-left: 10;
  	padding-right: 10;
		background: rgba(70, 62, 62, 1);
  	border: 1px solid rgb(11, 10, 8);
  	border-radius: 2px;
	}
	
	QLabel::hover {
	  font-family: 'Fondamento', serif;
  	qproperty-alignment: 'AlignCenter|AlignCenter';
  	padding-left: 10;
  	padding-right: 10;
  	border: 1px solid rgb(11, 10, 8);
  	border-radius: 2px;
  	background: rgb(124, 93, 65);
	}
]])

setRiposte = function(text)
	if text ~= "none" then
  	riposteToggle:setStyleSheet([[
  		QLabel {
      	font-family: 'Fondamento', serif;
      	qproperty-alignment: 'AlignCenter|AlignCenter';
      	padding-left: 10;
      	padding-right: 10;
      	background: rgba(107, 22, 1, 0.6);
      	border: 1px solid rgb(11, 10, 8);
      	border-radius: 2px;
  		}
  		
  		QLabel::hover {
    	  font-family: 'Fondamento', serif;
      	qproperty-alignment: 'AlignCenter|AlignCenter';
      	padding-left: 10;
      	padding-right: 10;
      	border: 1px solid rgb(11, 10, 8);
      	border-radius: 2px;
  	    background: rgb(124, 93, 65);
  		}]])
	else
		riposteToggle:setStyleSheet([[
      QLabel {
      	font-family: 'Fondamento', serif;
      	qproperty-alignment: 'AlignCenter|AlignCenter';
      	padding-left: 10;
      	padding-right: 10;
      	background: rgba(80, 72, 72, 1);
      	border: 1px solid rgb(11, 10, 8);
      	border-radius: 2px;
      }
	
  	  QLabel::hover {
  	    font-family: 'Fondamento', serif;
    	  qproperty-alignment: 'AlignCenter|AlignCenter';
    	  padding-left: 10;
    	  padding-right: 10;
    	  border: 1px solid rgb(11, 10, 8);
    	  border-radius: 2px;
    	  background: rgb(124, 93, 65);
  	  }]])
	end
end

riposteToggle:setClickCallback("on_riposte_press")

function on_riposte_press()
	send("riposte", false)
end


speedLabel = Geyser.Label:new({
	name = "speedLabel",
	x = "5px",
	y = "58px",
	width = "20%",
	height = "26",
	message = [[walking]],
}, statBar)

speedLabel:setStyleSheet([[
	font-family: 'Fondamento', serif;
	qproperty-alignment: 'AlignRight|AlignCenter';
	padding-right: 10;
	background: rgba(70, 62, 62, 0.6);
	border: 1px solid rgb(11, 10, 8);
	border-radius: 2px;
]])

speedLabelPicture = Geyser.Label:new({
	name = "speedLabelPicture",
	x = "5", y = "56",
	width = "30px", height = "30px",
}, statBar)
setStyleWithSlash(speedLabelPicture, [[
	background-color: rgba(0,0,0,0);
	border-image: url(]]..getMudletHomeDir()..[[/arm_prompt/assets/shoes.png);
]])

setSpeed = function(speed)
	if not (speed == "walking") then
		speedLabel:setStyleSheet([[
			font-family: 'Fondamento', serif;
			qproperty-alignment: 'AlignRight|AlignCenter';
			padding-right: 10;
			background: #6B1601;
    	border: 1px solid rgb(11, 10, 8);
    	border-radius: 2px;
		]])
		speedLabel:echo(speed)
	else
		speedLabel:setStyleSheet([[
			font-family: 'Fondamento', serif;
			qproperty-alignment: 'AlignRight|AlignCenter';
			padding-right: 10;
			background: rgba(70, 62, 62, 0.6);
    	border: 1px solid rgb(11, 10, 8);
    	border-radius: 2px;
		]])
		speedLabel:echo(speed)
	end
end

positionLabel = Geyser.Label:new({
	name = "positionLabel",
	x = "22%",
	y = "58px",
	height = "26px",
	width = "27%",
	message = [[standing]],
}, statBar)

positionLabel:setStyleSheet([[
	font-family: 'Fondamento', serif;
	qproperty-alignment: 'AlignRight|AlignCenter';
	padding-left: 10;
	padding-right: 10;
	background: rgba(70, 62, 62, 0.6);
	border: 1px solid rgb(11, 10, 8);
	border-radius: 2px;
]])

setPosition = function(position)
	if not (position == "standing") then
		positionLabel:setStyleSheet([[
			font-family: 'Fondamento', serif;
			qproperty-alignment: 'AlignRight|AlignCenter';
			padding-right: 10;
			background: rgba(107, 22, 1, .6);
    	border: 1px solid rgb(11, 10, 8);
    	border-radius: 2px;
		]])
		positionLabel:echo(position)
	else
		positionLabel:setStyleSheet([[
			font-family: 'Fondamento', serif;
			qproperty-alignment: 'AlignRight|AlignCenter';
			padding-right: 10;
			background: rgba(70, 62, 62, 0.6);
    	border: 1px solid rgb(11, 10, 8);
    	border-radius: 2px;
		]])
		positionLabel:echo(position)
	end
end


label_positionLabel = Geyser.Label:new({
	name = "label_positionLabel",
	x = "22%",
	y = "51px",
	width = "45",
	height = "15",
	message = [[&lt;center&gt;Position&lt;/center&gt;]]
}, statBar)

label_positionLabel:setStyleSheet([[
	font-family: 'Fondamento', serif;
	background: rgba(0,0,0,0);
]])

accentLabel = Geyser.Label:new({
	name = "accentLabel",
	x = "5px",
	y = "30px",
	width = "30%",
	height = "20",
	message = [[Accent]]
}, statBar)

accentLabel:setStyleSheet([[
	font-family: 'Fondamento', serif;
	qproperty-alignment: 'AlignCenter|AlignCenter';
	background: rgba(70, 62, 62, 0.6);
	border: 1px solid rgb(11, 10, 8);
	border-radius: 2px;
]])

setAccent = function(accent)
	accentLabel:echo(accent)
end

languageLabel = Geyser.Label:new({
	name = "languageLabel",
	x = "32%",
	y = "30px",
	width = "20%",
	height = "20",
	message = [[Language]]
}, statBar)

languageLabel:setStyleSheet([[
	font-family: 'Fondamento', serif;
	qproperty-alignment: 'AlignCenter|AlignCenter';
	background: rgba(70, 62, 62, 0.6);
	border: 1px solid rgb(11, 10, 8);
	border-radius: 2px;
]])

setLanguage = function(lang)
	languageLabel:echo(lang)
end

weightBar = Geyser.Gauge:new({
	name="weightBar",
	x = "53%",
	y = "7px",
	width = "46%",
	height = "20",
}, statBar)

weightBar.front:setStyleSheet([[
	background: rgba(107, 22, 1, .6);;
	border: 1px solid rgb(11, 10, 8);
	border-radius: 2px;
]])

weightBar.back:setStyleSheet([[
	background: rgba(70, 62, 62, 0.6);
	border: 1px solid rgb(11, 10, 8);
	border-radius: 2px;
]])

weightLabel = Geyser.Label:new({
	name = "weightLabel",
	x = 0,
	y = 0,
	width = "100%",
	height = "100%",
	message = [[Weight]]
}, weightBar)

weightLabel:setStyleSheet([[
	font-family: 'Fondamento', serif;
	qproperty-alignment: 'AlignRight|AlignCenter';
	background: rgba(0,0,0,0);
]])

setWeight = function(weight)
	if (weight == "very light") then
		weightBar:setValue(1, 10)
	elseif (weight == "no problem") then
		weightBar:setValue(2, 10)
	elseif (weight == "light") then
		weightBar:setValue(3, 10)
	elseif (weight == "easily manageable") then
		weightBar:setValue(4, 10)
	elseif (weight == "manageable") then
		weightBar:setValue(5, 10)
	elseif (weight == "heavy, but manageable") then
		weightBar:setValue(6, 10)
	elseif (weight == "very heavy") then
		weightBar:setValue(7, 10)
	elseif (weight == "VERY heavy") then
		weightBar:setValue(8, 10)
	elseif (weight == "extremely heavy") then
		weightBar:setValue(9, 10)
	elseif (weight == "unbelievably heavy") then
		weightBar:setValue(10, 10)
	end
	return weightLabel:echo(weight, nil, "c")
end

setWeight("very heavy")

timeLabel = Geyser.Label:new({
	name = "timeLabel",
	x = "53%",
	y = "30px",
	width = "28%",
	height = "20",
	message = [[Time]]
}, statBar)

timeLabel:setStyleSheet([[
	font-family: 'Fondamento', serif;
	qproperty-alignment: 'AlignRight|AlignCenter';
	padding-right: 10;
	background: rgba(70, 62, 62, 0.6);
	border: 1px solid rgb(11, 10, 8);
	border-radius: 2px;
]])

setTime = function(time)
	if (time == "before dawn") then
		timeLabel:setStyleSheet([[
			font-family: 'Fondamento', serif;
			qproperty-alignment: 'AlignRight|AlignCenter';
			padding-right: 10;
			background: rgba(94, 25, 13, 0.6);
    	border: 1px solid rgb(11, 10, 8);
    	border-radius: 2px;
		]])
	elseif (time == "dawn") then
		timeLabel:setStyleSheet([[
			font-family: 'Fondamento', serif;
			qproperty-alignment: 'AlignRight|AlignCenter';
			padding-right: 10;
			background: rgba(119, 17, 17, 0.6);
    	border: 1px solid rgb(11, 10, 8);
    	border-radius: 2px;
		]])
	elseif (time == "early morning") then
		timeLabel:setStyleSheet([[
			font-family: 'Fondamento', serif;
			qproperty-alignment: 'AlignRight|AlignCenter';
			padding-right: 10;
			background: rgba(157, 42, 22, 0.6);
    	border: 1px solid rgb(11, 10, 8);
    	border-radius: 2px;
		]])
	elseif (time == "late morning") then
		timeLabel:setStyleSheet([[
			font-family: 'Fondamento', serif;
			qproperty-alignment: 'AlignRight|AlignCenter';
			padding-right: 10;
			background: rgba(192, 52, 27, 0.6);
    	border: 1px solid rgb(11, 10, 8);
    	border-radius: 2px;
		]])
	elseif (time == "high sun") then
		timeLabel:setStyleSheet([[
			font-family: 'Fondamento', serif;
			qproperty-alignment: 'AlignRight|AlignCenter';
			padding-right: 10;
			background: rgba(215, 52, 30, 0.6);
    	border: 1px solid rgb(11, 10, 8);
    	border-radius: 2px;
		]])
	elseif (time == "early afternoon") then
		timeLabel:setStyleSheet([[
			font-family: 'Fondamento', serif;
			qproperty-alignment: 'AlignRight|AlignCenter';
			padding-right: 10;
			background: rgba(179, 43, 25, 0.6);
    	border: 1px solid rgb(11, 10, 8);
    	border-radius: 2px;
		]])
		elseif (time == "late afternoon") then
		timeLabel:setStyleSheet([[
			font-family: 'Fondamento', serif;
			qproperty-alignment: 'AlignRight|AlignCenter';
			padding-right: 10;
			background: rgba(128, 18, 28, 0.6);
    	border: 1px solid rgb(11, 10, 8);
    	border-radius: 2px;
		]])
		elseif (time == "dusk") then
		timeLabel:setStyleSheet([[
			font-family: 'Fondamento', serif;
			qproperty-alignment: 'AlignRight|AlignCenter';
			padding-right: 10;
			background: rgba(47, 7, 26, 0.6);
    	border: 1px solid rgb(11, 10, 8);
    	border-radius: 2px;
		]])
		elseif (time == "late at night") then
		timeLabel:setStyleSheet([[
			font-family: 'Fondamento', serif;
			qproperty-alignment: 'AlignRight|AlignCenter';
			padding-right: 10;
			background: rgba(17, 4, 27, 0.6);
    	border: 1px solid rgb(17, 4, 27);
    	border-radius: 2px;
		]])
	end
	timeLabel:echo(time)
end

setTime("late at night")

dayLabel = Geyser.Label:new({
	name = "dayLabel",
	x = "82%",
	y = "30px",
	width = "17%",
	height = "20",
	message = [[Day]]
}, statBar)

dayLabel:setStyleSheet([[
	font-family: 'Fondamento', serif;
	qproperty-alignment: 'AlignRight|AlignCenter';
	padding-right: 10;
	background: rgba(70, 62, 62, 0.6);
	border: 1px solid rgb(11, 10, 8);
	border-radius: 2px;
]])

setDay = function(day)
	dayLabel:echo(day)
end

scanToggle = Geyser.Label:new({
	name = "scanToggle",
	x = "50%",
	y = "58px",
	height = "26px",
	width = "10%",
	message = [[Scan]],
}, statBar)

scanToggle:setStyleSheet([[
  QLabel {
  	font-family: 'Fondamento', serif;
  	qproperty-alignment: 'AlignCenter|AlignCenter';
  	padding-left: 10;
  	padding-right: 10;
  	background: rgba(80, 72, 72, 1);
  	border: 1px solid rgb(11, 10, 8);
  	border-radius: 2px;
  }
	
  QLabel::hover {
    font-family: 'Fondamento', serif;
    qproperty-alignment: 'AlignCenter|AlignCenter';
    padding-left: 10;
    padding-right: 10;
    border: 1px solid rgb(11, 10, 8);
    border-radius: 2px;
    background: rgb(124, 93, 65);
  }
]])

setScan = function(text)
	if (text == "Scan") then
  	scanToggle:setStyleSheet([[
  		QLabel {
      	font-family: 'Fondamento', serif;
      	qproperty-alignment: 'AlignCenter|AlignCenter';
      	padding-left: 10;
      	padding-right: 10;
      	background: rgba(107, 22, 1, 0.6);
      	border: 1px solid rgb(11, 10, 8);
      	border-radius: 2px;
  		}
  		
  		QLabel::hover {
    	  font-family: 'Fondamento', serif;
      	qproperty-alignment: 'AlignCenter|AlignCenter';
      	padding-left: 10;
      	padding-right: 10;
      	border: 1px solid rgb(11, 10, 8);
      	border-radius: 2px;
        background: rgb(124, 93, 65);
  		}]])
	else
		scanToggle:setStyleSheet([[
      QLabel {
      	font-family: 'Fondamento', serif;
      	qproperty-alignment: 'AlignCenter|AlignCenter';
      	padding-left: 10;
      	padding-right: 10;
      	background: rgba(80, 72, 72, 1);
      	border: 1px solid rgb(11, 10, 8);
      	border-radius: 2px;
      }
    	
      QLabel::hover {
        font-family: 'Fondamento', serif;
        qproperty-alignment: 'AlignCenter|AlignCenter';
        padding-left: 10;
        padding-right: 10;
        border: 1px solid rgb(11, 10, 8);
        border-radius: 2px;
        background: rgb(124, 93, 65);
      }
    ]])
	end
end

scanToggle:setClickCallback("on_scan_press")

function on_scan_press()
	send("scan", false)
end

listenToggle = Geyser.Label:new({
	name = "listenToggle",
	x = "61%",
	y = "58px",
	height = "26px",
	width = "10%",
	message = [[Listen]],
}, statBar)

listenToggle:setStyleSheet([[
  QLabel {
  	font-family: 'Fondamento', serif;
  	qproperty-alignment: 'AlignCenter|AlignCenter';
  	padding-left: 10;
  	padding-right: 10;
  	background: rgba(80, 72, 72, 1);
  	border: 1px solid rgb(11, 10, 8);
  	border-radius: 2px;
  }
	
  QLabel::hover {
    font-family: 'Fondamento', serif;
    qproperty-alignment: 'AlignCenter|AlignCenter';
    padding-left: 10;
    padding-right: 10;
    border: 1px solid rgb(11, 10, 8);
    border-radius: 2px;
    background: rgb(124, 93, 65);
  }
]])

setListen = function(text)
	if (text == "Listen") then
  	listenToggle:setStyleSheet([[
  		QLabel {
      	font-family: 'Fondamento', serif;
      	qproperty-alignment: 'AlignCenter|AlignCenter';
      	padding-left: 10;
      	padding-right: 10;
      	background: rgba(107, 22, 1, 0.6);
      	border: 1px solid rgb(11, 10, 8);
      	border-radius: 2px;
  		}
  		
  		QLabel::hover {
    	  font-family: 'Fondamento', serif;
      	qproperty-alignment: 'AlignCenter|AlignCenter';
      	padding-left: 10;
      	padding-right: 10;
      	border: 1px solid rgb(11, 10, 8);
      	border-radius: 2px;
        background: rgb(124, 93, 65);
  		}]])
	else
		listenToggle:setStyleSheet([[
      QLabel {
      	font-family: 'Fondamento', serif;
      	qproperty-alignment: 'AlignCenter|AlignCenter';
      	padding-left: 10;
      	padding-right: 10;
      	background: rgba(80, 72, 72, 1);
      	border: 1px solid rgb(11, 10, 8);
      	border-radius: 2px;
      }
    	
      QLabel::hover {
        font-family: 'Fondamento', serif;
        qproperty-alignment: 'AlignCenter|AlignCenter';
        padding-left: 10;
        padding-right: 10;
        border: 1px solid rgb(11, 10, 8);
        border-radius: 2px;
        background: rgb(124, 93, 65);
      }
    ]])
	end
end

listenToggle:setClickCallback("on_listen_press")

function on_listen_press()
	send("listen", false)
end

thirstBar = Geyser.Gauge:new({
	name = "thirstBar",
	x="72%", y="58px",
	width="27%", height='11px'
}, statBar)

thirstBar.front:setStyleSheet([[
	background-color: rgba(135, 170, 187, 0.8);
	border: 1px solid rgb(11, 10, 8);
	border-radius: 5px;
]])

thirstBar.back:setStyleSheet([[
	border: 1px solid rgb(11, 10, 8);
	border-radius: 5px;
]])

thirstBarPicture = Geyser.Label:new({
	name = "thirstBarPicture",
	x = "71%", y = "53px",
	width = "20px", height = "20px",
}, statBar)
setStyleWithSlash(thirstBarPicture, [[
	background-color: rgba(0,0,0,0);
	border-image: url(]]..getMudletHomeDir()..[[/arm_prompt/assets/water.png);
]])

setThirst = function(thirst)
	if (thirst == "dehydrated") then
		thirstBar:setValue(1, 6)
	elseif (thirst == "parched") then
		thirstBar:setValue(2, 6)
	elseif (thirst == "very thirsty") then
		thirstBar:setValue(3, 6)
	elseif (thirst == "thirsty") then
		thirstBar:setValue(4, 6)
	elseif (thirst == "little thirsty") then
		thirstBar:setValue(5, 6)
	elseif (thirst == "not thirsty") then
		thirstBar:setValue(6, 6)
	end
end

hungerBar = Geyser.Gauge:new({
	name = "hungerBar",
	x="72%", y="72px",
	width="27%", height='11px'
}, statBar)

hungerBar.front:setStyleSheet([[
	background-color: rgba(100, 87, 78, 0.8);
	border: 1px solid rgb(11, 10, 8);
	border-radius: 5px;
]])

hungerBar.back:setStyleSheet([[
	border: 1px solid rgb(11, 10, 8);
	border-radius: 5px;
]])

hungerBarPicture = Geyser.Label:new({
	name = "hungerBarPicture",
	x = "71%", y = "66px",
	width = "20px", height = "20px",
}, statBar)
setStyleWithSlash(hungerBarPicture, [[
	background-color: rgba(0,0,0,0);
	border-image: url(]]..getMudletHomeDir()..[[/arm_prompt/assets/bread.png);
]])

setHunger = function(hunger)
	if (hunger == "starving") then
		hungerBar:setValue(1, 9)
	elseif (hunger == "famished") then
		hungerBar:setValue(2, 9)
	elseif (hunger == "very hungry") then
		hungerBar:setValue(3, 9)
	elseif (hunger == "hungry") then
		hungerBar:setValue(4, 9)
	elseif (hunger == "little hungry") then
		hungerBar:setValue(5, 9)
	elseif (hunger == "peckish") then
		hungerBar:setValue(6, 9)
	elseif (hunger == "satisfied") then
		hungerBar:setValue(7, 9)
	elseif (hunger == "full") then
		hungerBar:setValue(8, 9)
	elseif (hunger == "stuffed") then
		hungerBar:setValue(9, 9)
	end
end

setThirst("dehydrated")
setHunger("satisfied")

armedLabelPicture = Geyser.Label:new({
	name = "armedLabelPicture",
	x = "5", y = "3",
	width = "30px", height = "30px",
}, statBar)
setStyleWithSlash(armedLabelPicture, [[
	background-color: rgba(0,0,0,0);
	border-image: url(]]..getMudletHomeDir()..[[/arm_prompt/assets/sword.png);
]])

weightLabelPicture = Geyser.Label:new({
	name = "weightLabelPicture",
	x = "53%", y = "3",
	width = "30px", height = "30px",
}, statBar)
setStyleWithSlash(weightLabelPicture, [[
	background-color: rgba(0,0,0,0);
	border-image: url(]]..getMudletHomeDir()..[[/arm_prompt/assets/chest.png);
]])

timeLabelPicture = Geyser.Label:new({
	name = "timeLabelPicture",
	x = "53%", y = "28",
	width = "25px", height = "25px",
}, statBar)
setStyleWithSlash(timeLabelPicture, [[
	background-color: rgba(0,0,0,0);
	border-image: url(]]..getMudletHomeDir()..[[/arm_prompt/assets/time.png);
]])

nameLabel = Geyser.Label:new({
	name = "nameLabel",
	x = "3",
	y = "-125",
	width = "160",
	height = "40",
	message = [[&lt;center&gt;Armageddon&lt;/center&gt;]]
}, bottomBar)

setName = function(name)
	return nameLabel:echo(name)
end

setStyleWithSlash(nameLabel, [[
	font-family: 'Fondamento', serif;
	qproperty-alignment: 'AlignCenter';
	border-image: url(]]..getMudletHomeDir()..[[/arm_prompt/assets/button_pressed.png);
]])

moodBorder = Geyser.Label:new({
	name = "moodBorder",
	x	= "160",
	y = "-130",
	width = "205",
	height = "30",
}, bottomBorder)

moodBorder:setStyleSheet([[
	background-color: rgba(0,0,0,0);
]])

moodLabel = Geyser.Label:new({
	name = "moodLabel",
	x = "2",
	y = "2",
	width = "-2",
	height = "-3",
	message = [[&lt;center&gt;Mood&lt;/center&gt;]]
}, moodBorder)

setMood = function(mood)
	return moodLabel:echo(mood)
end

setStyleWithSlash(moodLabel, [[
	font-family: 'Fondamento', serif;
	qproperty-alignment: 'AlignCenter';
	background-image: url(]]..getMudletHomeDir()..[[/arm_prompt/assets/border.jpg);
]])

moodBorderLeft = Geyser.Label:new({
	name = "moodBorderLeft",
	x	= "0",
	y = "0",
	width = "10",
	height = "100%",
}, moodBorder)

setStyleWithSlash(moodBorderLeft, [[
	border-image: url(]]..getMudletHomeDir()..[[/arm_prompt/assets/leftmoodborder.png);
]])

moodBorderRight = Geyser.Label:new({
	name = "moodBorderRight",
	x	= "-10",
	y = "0",
	width = "10",
	height = "100%",
}, moodBorder)

setStyleWithSlash(moodBorderRight, [[
	border-image: url(]]..getMudletHomeDir()..[[/arm_prompt/assets/rightmoodborder.png);
]])

moodBorderTopBottom = Geyser.Label:new({
	name = "moodBorderTopBottom",
	x	= "10",
	y = "0",
	width = "-10",
	height = "100%",
}, moodBorder)

setStyleWithSlash(moodBorderTopBottom, [[
	border-image: url(]]..getMudletHomeDir()..[[/arm_prompt/assets/moodborder.png);
]])

isPromptLoaded = true
</script>
			<eventHandlerList />
		</Script>
		<ScriptGroup isActive="yes" isFolder="yes">
			<name>mapper</name>
			<packageName></packageName>
			<script>-------------------------------------------------
--         Put your Lua functions here.        --
--                                             --
-- Note that you can also use external Scripts --
-------------------------------------------------
</script>
			<eventHandlerList />
			<Script isActive="yes" isFolder="no">
				<name>mapper</name>
				<packageName></packageName>
				<script>-- Jor'Mox's Generic Map Script (with Armageddon modifications)
-- 9/27/2018
-- v1.18
--

map = map or {}; mudlet.mapper_script = true

map.help = [[
    Jor'Mox's Generic Map Script

    This script allows for semi-automatic mapping using just room names and exits. It is
    a good idea to know the general layout of the area you are trying to map before
    turning on mapping with this script, so as to minimize how much you need to move
    things around to make it look how you want it to. The script will automatically
    stretch out a map to make space for a room if it would overlap with another one, but
    it is important to make sure that things line up properly, or you will have inaccurate
    maps with duplicate sections in them.

    It is up to YOU to create triggers that appropriately raise the following events, and
    gather the necessary information. The way in which such things are displayed varies
    dramatically from game to game, so any set of triggers for one game will likely not
    work for the next.

    Important Events for Proper Mapping
        onMoveFail - raise this event to indicate that you attempted to move, but no move
            was made
        onVisionFail - raise this event to indicate that you moved successfully, but are
            unable to gather some or all of the necessary info about the room
        onRandomMove - raise this event to indicate that you moved, but do not know what
            direction you moved in
        onNewRoom - raise this event to indicate that a room has been detected, typically
            after moving or looking to see the room you are currently in
        onPrompt - raise this event to indicate a prompt has been detected, room name and
            exits must be stored in map.prompt.room and map.prompt.exits before raising
            this event
        onForcedMove - raise this event to indicate that you have been moved without
            entering a command, but you know the direction you went. pass the relevant
            direction as the first argument. if this movement needs to preempt other
            movement commands in the queue (often the case), then pass "true" as a string
            as the second argument

    Important Commands (Aliases) for Proper Mapping

        Fundamental Aliases
        start mapping &lt;optional area name&gt; - use this command to start adding new content
            to the map, area name is required if there are no rooms in the map
        stop mapping - use this command to stop mapping
        save map - saves the map to a file (map.dat, located in the profile folder), this
            is generally only needed to share the map with someone else, or to act as a
            backup in case something happens to the map that Mudlet maintains for your
            profile
        load map &lt;optional 'local'&gt; - loads the map from the location specified in the
            download_path, or from the local copy
        export area &lt;area name&gt; - exports a file to the profile folder with data for the
            named area
        import area &lt;area name&gt; - imports area data from a file created with export area,
            must be located in profile folder


        Mapping Aliases
        map mode &lt;simple, normal, or complex&gt; - sets the mapping mode, determining what
            exits are set automatically as you move around
        set area &lt;area name&gt; - move the current room into the named area, area will be
            created if it does not currently exist
        shift &lt;direction&gt; - use this command to move the room you are currently in around
            on the map
        merge rooms - use this command to combine the room you are in with any other rooms
            in the same location and with the same name
        clear moves - use this command to clear the move queue after you attempt a move
            that doesn't succeed, but for which there is no trigger indicating this with
            the onMoveFail event
        add door &lt;direction&gt; &lt;optional none, open, closed, locked&gt; &lt;optional yes, no&gt; -
            adds a door in the given direction, defaulting to closed (use none to remove
            a door), and defaulting 'no' for one-way status
        add portal &lt;entry command&gt; - adds a portal that uses the given command for entry
            to force this command to create a new room, rather than linking to an existing
            one, put -f before the entry command, like this: add portal -f enter portal
        set exit &lt;direction&gt; &lt;roomID&gt; - sets the given direction to connect, one way,
            to the room with the specified roomID, used for very complex areas
            to set the destination room for a portal, put -p before the portal entry command
            like this: set exit -p enter portal 1124

        Normal User Aliases
        find me - use this command to search the entire map to try to locate you based on
            room name and exits, typically not necessary, as this will be done anyway if
            a person moves and their location is unknown
        find path &lt;room name&gt; OR &lt;room name&gt; ; &lt;area name&gt; - used to find a walking path
            to a room with the given name, in the given area if specified
        set character &lt;name&gt; - sets the current character name (stored as map.character)
        set recall - sets the current room as the recall room for the current character

    Important Information Regarding Speedwalking

        The existing doSpeedWalk function (which is located at the bottom of the script,
        just above the event handler function) currently only displays a list of moves
        to make to get to the target room. This function should be modified to implement
        speedwalking in your game. For this purpose, a table of roomIDs is generated and
        and stored in speedWalkPath, and a matching table of directions is stored in
        speedWalkDir. You can check for doors with a roomID and a direction using the
        check_doors function in the following manner: check_doors(roomID,dir) or
        check_doors(roomID,tbl_of_dirs). It will return false if a door is not present,
        or a table of directions and door status codes, like what you would get using the
        getDoors function, but only for the exit(s) specified.

        For the sake of convenience, whenever the mapper moves to a new room, it raises the
        "onMoveMap" event and passes the new roomID with the event, which may be helpful
        in implementing more advanced scripts and functions that rely on map information.
]]

map.recall = map.recall or {}
map.character = map.character or ""
map.prompt = map.prompt or {}

local oldstring = string
local string = utf8
string.format = oldstring.format
string.trim = oldstring.trim
string.starts = oldstring.starts
string.split = oldstring.split

map.configs = {
    mode = "normal", -- can be simple, normal, or complex
    show_map = true,
    x = -400,
    y = 0,
    w = 400,
    h = -121,
    origin = "topright",
    download_path = "",
    stretch_map = true,
    search_on_look = true,
    custom_exits = {},  -- format: short_exit = {long_exit, reverse_exit, x_dif, y_dif, z_dif}
                        -- ex: { us = {"upsouth", "downnorth", 0, -1, 1}, dn = {"downnorth", "upsouth", 0, 1, -1} }
}

local function make_aliases()
		echo('Making aliases')
    map.aliases = map.aliases or {}
    local id
    local tbl = {
        ["Start Mapping Alias"] = {[[^start mapping(?: (.*))?$]], [[map.start_mapping(matches[2]) echo('Mapping started!')]]},
        ["Stop Mapping Alias"] = {[[^stop mapping$]], [[map.stop_mapping()]]},
        ["Save Map Alias"] = {[[^save map$]], [[saveMap(getMudletHomeDir() .. "/map.dat")]]},
        ["Load Map Alias"] = {[[^load map(?: (local))?$]], [[map.load_map(matches[2])]]},
        ["Export Map Area Alias"] = {[[^export area (.*)]],[[map.export_area(matches[2])]]},
        ["Import Map Area Alias"] = {[[^import area (.*)]],[[map.import_area(matches[2])]]},

        ["Set Room Area Alias"] = {[[^set area (.*)$]], [[map.set_area(matches[2])]]},
        ["Set Map Mode Alias"] = {[[^map mode (\w+)$]],[[map.set_mode(matches[2])]]},
        ["Shift Room Alias"] = {[[^shift (.*)$]], [[map.shift_room(matches[2])]]},
        ["Merge Rooms Alias"] = {[[^merge rooms$]], [[map.merge_rooms()]]},
        ["Add Door Alias"] = {[[^add door (\w+)(?: (none|open|closed|locked)(?: (yes|no))?)?$]],[[map.set_door(matches[2],matches[3],matches[4])]]},
        ["Add Portal Alias"] = {[[^add portal (.*)$]],[[map.set_portal(matches[2])]]},
        ["Set Room Exit Alias"] = {[[^set exit (.+) (\d+)]],[[map.set_exit(matches[2],matches[3])]]},
        ["Clear Moves Alias"] = {[[^clear moves$]], [[map.clear_moves()]]},

        ["Find Me Alias"] = {[[^find me$]], [[map.find_me()]]},
        ["Find Path Alias"] = {[[find path ([^;]+)(?:\s*;\s*(.+))?]],[[map.find_path(matches[2],matches[3])]]},
        ["Set Recall Alias"] = {[[^set recall$]],[[map.set_recall()]]},
        ["Set Character Alias"] = {[[^set character (.*)$]],[[map.character = matches[2] ]]},
    }
    for k,v in pairs(tbl) do
        if map.aliases[k] and exists(map.aliases[k],"alias") ~= 0 then
            killAlias(map.aliases[k])
        end
        id = tempAlias(v[1],v[2])
        map.aliases[k] = id
    end
end

local function config()
    local configs = map.configs
    map_mode = configs.mode
    print(configs.x,configs.y,configs.w,configs.h,configs.origin)

    -- incorporate custom exits
    for k,v in pairs(map.configs.custom_exits) do
        exitmap[k] = v[1]
        reverse_dirs[v[1]] = v[2]
        short[v[1]] = k
        local count = #coordmap
        coordmap[count] = {v[3],v[4],v[5]}
        stubmap[count] = v[1]
        stubmap[v[1]] = count
    end

    make_aliases()
end

function display_map()

end

local move_queue = {}
local prevRoom, prevName, prevExits
local currentRoom, currentName, currentExits, currentArea
local mapping, map_mode, downloading
local find_portal, vision_fail, room_detected, random_move, force_portal

local exitmap = {
    n = 'north',    ne = 'northeast',   nw = 'northwest',   e = 'east',
    w = 'west',     s = 'south',        se = 'southeast',   sw = 'southwest',
    u = 'up',       d = 'down',         ["in"] = 'in',      out = 'out',
}

local short = {}
for k,v in pairs(exitmap) do
    short[v] = k
end

local stubmap = {
    north = 1,      northeast = 2,      northwest = 3,      east = 4,
    west = 5,       south = 6,          southeast = 7,      southwest = 8,
    up = 9,         down = 10,          ["in"] = 11,        out = 12,
    [1] = "north",  [2] = "northeast",  [3] = "northwest",  [4] = "east",
    [5] = "west",   [6] = "south",      [7] = "southeast",  [8] = "southwest",
    [9] = "up",     [10] = "down",      [11] = "in",        [12] = "out",
}

local coordmap = {
    [1] = {0,1,0},      [2] = {1,1,0},      [3] = {-1,1,0},     [4] = {1,0,0},
    [5] = {-1,0,0},     [6] = {0,-1,0},     [7] = {1,-1,0},     [8] = {-1,-1,0},
    [9] = {0,0,1},      [10] = {0,0,-1},    [11] = {0,0,0},     [12] = {0,0,0},
}

local reverse_dirs = {
    north = "south", south = "north", west = "east", east = "west", up = "down",
    down = "up", northwest = "southeast", northeast = "southwest", southwest = "northeast",
    southeast = "northwest", ["in"] = "out", out = "in",
}

local function set_room(roomID)
    -- moves the map to the new room
    if currentRoom ~= roomID then
        prevRoom = currentRoom
        currentRoom = roomID
    end
    if getRoomName(currentRoom) ~= currentName then
        prevName = currentName
        prevExits = currentExits
        currentName = getRoomName(currentRoom)
        currentExits = getRoomExits(currentRoom)
        -- check handling of custom exits here
        for i = 13,#stubmap do
            currentExits[stubmap[i]] = tonumber(getRoomUserData(currentRoom,"exit " .. stubmap[i]))
        end
    end
    currentArea = getRoomArea(currentRoom)
    centerview(currentRoom)
    raiseEvent("onMoveMap", currentRoom)
end

local function add_door(roomID, dir, status)
    -- create or remove a door in the designated direction
    -- consider options for adding pickable and passable information
    dir = exitmap[dir] or dir
    if not table.contains(exitmap,dir) then error("Add Door: invalid direction.",2) end
    status = assert(table.index_of({"none","open","closed","locked"},status),"Add Door: Invald status, must be none, open, closed, or locked") - 1
    local exits = getRoomExits(roomID)
    -- check handling of custom exits here
    if not exits[dir] then
        setExitStub(roomID,stubmap[dir],true)
    end
    -- check handling of custom exits here
    if not table.contains({'u','d'},short[dir]) then
        setDoor(roomID,short[dir],status)
    else
        setDoor(roomID,dir,status)
    end
end

local function check_doors(roomID,exits)
    -- looks to see if there are doors in designated directions
    -- used for room comparison, can also be used for pathing purposes
    if type(exits) == "string" then exits = {exits} end
    local statuses = {}
    local doors = getDoors(roomID)
    local dir
    for k,v in pairs(exits) do
        dir = short[k] or short[v]
                if table.contains({'u','d'},dir) then
                    dir = exitmap[dir]
                end
        if not doors[dir] or doors[dir] == 0 then
            return false
        else
            statuses[dir] = doors[dir]
        end
    end
    return statuses
end

local function find_room(name, area)
    -- looks for rooms with a particular name, and if given, in a specific area
    local rooms = searchRoom(name)
    if type(area) == "string" then
        local areas = getAreaTable() or {}
        for k,v in pairs(areas) do
            if string.lower(k) == string.lower(area) then
                area = v
                break
            end
        end
        area = areas[area] or nil
    end
    for k,v in pairs(rooms) do
        if string.lower(v) ~= string.lower(name) then
            rooms[k] = nil
        elseif area and getRoomArea(k) ~= area then
            rooms[k] = nil
        end
    end
    return rooms
end

local function getRoomStubs(roomID)
    -- turns stub info into table similar to exit table
    local stubs = getExitStubs(roomID)
    if type(stubs) ~= "table" then stubs = {} end
    -- check handling of custom exits here
    local tmp
    for i = 13,#stubmap do
        tmp = tonumber(getRoomUserData(roomID,"stub"..stubmap[i]))
        if tmp then table.insert(stubs,tmp) end
    end

    local exits = {}
    for k,v in pairs(stubs) do
        exits[stubmap[v]] = 0
    end
    return exits
end

local function connect_rooms(ID1, ID2, dir1, dir2, no_check)
    -- makes a connection between rooms
    -- can make backwards connection without a check
    local match = false
    if not ID1 and ID2 and dir1 then error("Connect Rooms: Missing Required Arguments.",2) end
    dir2 = dir2 or reverse_dirs[dir1]
    -- check handling of custom exits here
    if stubmap[dir1] &lt;= 12 then
        setExit(ID1,ID2,stubmap[dir1])
    else
        setRoomUserData(ID1,"exit " .. dir1,ID2)
    end
    if stubmap[dir1] &gt; 13 then
        -- check handling of custom exits here
        setRoomUserData(ID1,"stub"..dir1,"")
    end
    if map_mode ~= "complex" then
        local stubs = getRoomStubs(ID2)
        if stubs[dir2] then match = true end
        if (match or no_check) then
            -- check handling of custom exits here
            if stubmap[dir1] &lt;= 12 then
                setExit(ID2,ID1,stubmap[dir2])
            else
                setRoomUserData(ID2,"exit " .. dir2,ID1)
            end
            if stubmap[dir2] &gt; 13 then
                -- check handling of custom exits here
                setRoomUserData(ID2,"stub"..dir2,"")
            end
        end
    end
end

local function check_room(roomID, name, exits)
    -- check to see if room name and exits match expecations
    if not roomID then error("Check Room Error: No ID",2) end
    if name ~= getRoomName(roomID) then return false end
    local t_exits = table.union(getRoomExits(roomID),getRoomStubs(roomID))
    -- check handling of custom exits here
    for i = 13,#stubmap do
        t_exits[stubmap[i]] = tonumber(getRoomUserData(roomID,"exit " .. stubmap[i]))
    end
    for k,v in ipairs(exits) do
        if short[v] and not table.contains(t_exits,v) then return false end
        t_exits[v] = nil
    end
    return table.is_empty(t_exits) or check_doors(roomID,t_exits)
end

local function stretch_map(dir,x,y,z)
    -- stretches a map to make room for just added room that would overlap with existing room
    local dx,dy,dz
    for k,v in pairs(getAreaRooms(currentArea)) do
        if v ~= currentRoom then
            dx,dy,dz = getRoomCoordinates(v)
            if dx &gt;= x and string.find(dir,"east") then
                dx = dx + 1
            elseif dx &lt;= x and string.find(dir,"west") then
                dx = dx - 1
            end
            if dy &gt;= y and string.find(dir,"north") then
                dy = dy + 1
            elseif dy &lt;= y and string.find(dir,"south") then
                dy = dy - 1
            end
            if dz &gt;= z and string.find(dir,"up") then
                dz = dz + 1
            elseif dz &lt;= z and string.find(dir,"down") then
                dz = dz - 1
            end
            setRoomCoordinates(v,dx,dy,dz)
        end
    end
end

local function create_room(name, exits, dir, coords)
    -- makes a new room with captured name and exits
    -- links with other rooms as appropriate
    -- links to adjacent rooms in direction of exits if in simple mode
    if mapping then
        print("\n[Mapper] New Room: " .. name .. "\n")
        local newID = createRoomID()
        addRoom(newID)
        setRoomArea(newID, currentArea)
        setRoomName(newID, name)
        for k,v in ipairs(exits) do
            if stubmap[v] then
                if stubmap[v] &lt;= 12 then
                    setExitStub(newID, stubmap[v], true)
                else
                    -- check handling of custom exits here
                    setRoomUserData(newID, "stub"..v,stubmap[v])
                end
            end
        end
        if dir then
            connect_rooms(currentRoom, newID, dir)
        elseif find_portal or force_portal then
            addSpecialExit(currentRoom, newID, (find_portal or force_portal))
            setRoomUserData(newID,"portals",tostring(currentRoom)..":"..(find_portal or force_portal))
        end
        setRoomCoordinates(newID,unpack(coords))
        if not (find_portal or force_portal) and map.configs.stretch_map and table.size(getRoomsByPosition(currentArea,unpack(coords))) &gt; 1 then
            set_room(newID)
            stretch_map(dir,unpack(coords))
        end
        if map_mode == "simple" then
            local x,y,z = unpack(coords)
            local dx,dy,dz,rooms
            for k,v in ipairs(exits) do
                if v ~= dir then
                    dx,dy,dz = unpack(coordmap[stubmap[v]])
                    rooms = getRoomsByPosition(currentArea,x+dx,y+dy,z+dz)
                    if table.size(rooms) == 1 then
                        connect_rooms(newID,rooms[0],v)
                    end
                end
            end
        end
        set_room(newID)
    end
end

local function find_area_limits(areaID)
    -- used to find min and max coordinate limits for an area
    if not areaID then error("Find Limits: Missing area ID",2) end
    local rooms = getAreaRooms(areaID)
    local minx, miny, minz = getRoomCoordinates(rooms[0])
    local maxx, maxy, maxz = minx, miny, minz
    local x,y,z
    for k,v in pairs(rooms) do
        x,y,z = getRoomCoordinates(v)
        minx = math.min(x,minx)
        maxx = math.max(x,maxx)
        miny = math.min(y,miny)
        maxy = math.max(y,maxy)
        minz = math.min(z,minz)
        maxz = math.max(z,maxz)
    end
    return minx, maxx, miny, maxy, minz, maxz
end

local function find_link(name, exits, dir, max_distance)
    -- search for matching room in desired direction
    local x,y,z = getRoomCoordinates(currentRoom)
    if mapping and x then
        local dx,dy,dz = unpack(coordmap[stubmap[dir]])
        local minx, maxx, miny, maxy, minz, maxz = find_area_limits(currentArea)
        local rooms, match, stubs
        if max_distance then
            minx = x - max_distance
            maxx = x + max_distance
            miny = y - max_distance
            maxy = y + max_distance
            minz = z - max_distance
            maxz = z + max_distance
        end
        repeat
            x = x + dx
            y = y + dy
            z = z + dz
            rooms = getRoomsByPosition(currentArea,x,y,z)
        until (x &gt; maxx or x &lt; minx or y &gt; maxy or y &lt; miny or z &gt; maxz or z &lt; minz or not table.is_empty(rooms))
        for k,v in pairs(rooms) do
            if check_room(v,name,exits) then
                match = v
                break
            end
        end
        if match then
            connect_rooms(currentRoom, match, dir)
            set_room(match)
        else
            x,y,z = getRoomCoordinates(currentRoom)
            create_room(name, exits, dir,{x+dx,y+dy,z+dz})
        end
    end
end

local function get_recall()
    table.load(getMudletHomeDir() .. "/map_recalls.dat",map.recall)
    return map.recall[map.character]
end

local function move_map()
    -- tries to move the map to the next room
    local move = table.remove(move_queue,1)
    if move or random_move then
        local exits = (currentRoom and getRoomExits(currentRoom)) or {}
        -- check handling of custom exits here
        if currentRoom then
            for i = 13, #stubmap do
                exits[stubmap[i]] = tonumber(getRoomUserData(currentRoom,"exit " .. stubmap[i]))
            end
        end
        local special = (currentRoom and getSpecialExitsSwap(currentRoom)) or {}
        if move and not exits[move] and not special[move] then
            for k,v in pairs(special) do
                if string.starts(k,move) then
                    move = k
                    break
                end
            end
        end

        if find_portal then
            map.find_me(currentName,currentExits,move)
            find_portal = false
        elseif force_portal then
            find_portal = false
            print("CREATING PORTAL DESTINATION")
            create_room(currentName, currentExits, nil, {getRoomCoordinates(currentRoom)})
            force_portal = false
        elseif move == "recall" then
            set_room(get_recall())
        elseif move == "look" and not check_room(currentRoom, currentName, currentExits) then
            map.find_me(currentName,currentExits)
        else
            if exits[move] and (vision_fail or check_room(exits[move], currentName, currentExits)) then
                set_room(exits[move])
            elseif special[move] and (vision_fail or check_room(special[move], currentName, currentExits)) then
                set_room(special[move])
            elseif not vision_fail then
                if mapping and move then
                    find_link(currentName, currentExits, move)
                else
                    map.find_me(currentName,currentExits, move)
                end
            end
        end
        vision_fail = false
    end
end

local function capture_move_cmd(dir,priority)
    -- captures valid movement commands
    dir = string.lower(dir)
		dir = string.gsub(dir, '(.+) %(.+', '%1')
    if dir == "/" then dir = "recall" end
    if dir == "l" then dir = "look" end
    if table.contains(exitmap,dir) or string.starts(dir,"enter ") or dir == "leave" or dir == "recall" then
        if priority then
            table.insert(move_queue,1,exitmap[dir] or dir)
        else
            table.insert(move_queue,exitmap[dir] or dir)
        end
    elseif map.configs.search_on_look and dir == "look" then
        table.insert(move_queue, dir)
    elseif currentRoom then
        local special = getSpecialExitsSwap(currentRoom) or {}
        if special[dir] then
            if priority then
                table.insert(move_queue,1,dir)
            else
                table.insert(move_queue,dir)
            end
        end
    end
end

local function capture_room_info(name, exits)
    -- captures room info, and tries to move map to match
    if (not vision_fail) and name and exits then
        prevName = currentName
        prevExits = currentExits
        name = string.trim(name)
        currentName = name
        exits = string.gsub(string.lower(exits)," and "," ")
        currentExits = (exits ~= "" and string.split(exits,"[, ]+")) or {}
        move_map()
    elseif vision_fail then
        move_map()
    end
end

local function find_area(name)
    -- searches for the named area, and creates it if necessary
    local areas = getAreaTable()
    local areaID
    for k,v in pairs(areas) do
        if string.lower(name) == string.lower(k) then
            areaID = v
            break
        end
    end
    if not areaID then areaID = addAreaName(name) end
    if not areaID then error("Invalid Area. No such area found, and area could not be added.") end
    currentArea = areaID
end

function map.load_map(use_local)
    local path = getMudletHomeDir() .. "/map.dat"
    if use_local then
        loadMap(path)
        print("Map reloaded from local copy.")
    else
        local address = map.configs.download_path .. "map.dat"
        downloading = true
        downloadFile(path,address)
        print("Downloading Map File.")
    end
end

function map.set_exit(dir,roomID)
    -- used to set unusual exits from the room you are standing in
    if mapping then
        roomID = assert(tonumber(roomID),"Set Exit: Invalid Room ID")
        if not table.contains(exitmap,dir) and not string.starts(dir, "-p ") then
            error("Set Exit: Invalid Direction")
        end

        if not string.starts(dir, "-p ") then
            local exit
            if stubmap[exitmap[dir] or dir] &lt;= 12 then
                exit = short[exitmap[dir] or dir]
                setExit(currentRoom,roomID,exit)
            else
                -- check handling of custom exits here
                exit = exitmap[dir] or dir
                exit = "exit " .. exit
                setRoomUserData(currentRoom,exit,roomID)
            end
            print("Exit " .. dir .. " now goes to roomID " .. roomID)
        else
            dir = string.gsub(dir,"^-p ","")
            addSpecialExit(currentRoom,roomID,dir)
            print("Special exit '" .. dir .. "' now goes to roomID " .. roomID)
        end
    end
end

function map.find_path(roomName,areaName,return_tables)
    areaName = (areaName ~= "" and areaName) or nil
    local rooms = find_room(roomName,areaName)
    local found,dirs = false,{}
    local path = {}
    for k,v in pairs(rooms) do
        found = getPath(currentRoom,k)
        if found and (#dirs == 0 or #dirs &gt; #speedWalkDir) then
            dirs = speedWalkDir
            path = speedWalkPath
        end
    end
    if return_tables then
        if table.is_empty(path) then
            path, dirs = nil, nil
        end
        return path, dirs
    else
        if #dirs &gt; 0 then
            print("Path to " .. roomName .. ((areaName and " in " .. areaName) or "") .. ": " .. table.concat(dirs,", "))
        else
            print("No path found to " .. roomName .. ((areaName and " in " .. areaName) or "") .. ".")
        end
    end
end

function map.export_area(name)
    -- used to export a single area to a file
    local areas = getAreaTable()
    name = string.lower(name)
    for k,v in pairs(areas) do
        if name == string.lower(k) then name = k end
    end
    if not areas[name] then error("No such area.") end
    local rooms = getAreaRooms(areas[name])
    local tmp = {}
    for k,v in pairs(rooms) do
        tmp[v] = v
    end
    rooms = tmp
    local tbl = {}
    tbl.name = name
    tbl.rooms = {}
    tbl.exits = {}
    tbl.special = {}
    local rname, exits, stubs, doors, special, portals, door_up, door_down, coords
    for k,v in pairs(rooms) do
        rname = getRoomName(v)
        exits = getRoomExits(v)
        stubs = getExitStubs(v)
        doors = getDoors(v)
        special = getSpecialExitsSwap(v)
        portals = getRoomUserData(v,"portals") or ""
        coords = {getRoomCoordinates(v)}
        tbl.rooms[v] = {name = rname, coords = coords, exits = exits, stubs = stubs, doors = doors, door_up = door_up, door_down = door_down, door_in = door_in, door_out = door_out, special = special, portals = portals}
        tmp = {}
        for k1,v1 in pairs(exits) do
            if not table.contains(rooms,v1) then
                tmp[k1] = {v1, getRoomName(v1)}
            end
        end
        if not table.is_empty(tmp) then
            tbl.exits[v] = tmp
        end
        tmp = {}
        for k1,v1 in pairs(special) do
            if not table.contains(rooms,v1) then
                tmp[k1] = {v1, getRoomName(v1)}
            end
        end
        if not table.is_empty(tmp) then
            tbl.special[v] = tmp
        end
    end
    local path = getMudletHomeDir().."/"..string.gsub(string.lower(name),"%s","_")..".dat"
    table.save(path,tbl)
    print("Area " .. name .. " exported to " .. path)
end

function map.import_area(name)
    name = getMudletHomeDir() .. "/" .. string.gsub(string.lower(name),"%s","_") .. ".dat"
    local tbl = {}
    table.load(name,tbl)
    local areas = getAreaTable()
    local areaID = areas[tbl.name] or addAreaName(tbl.name)
    local rooms = {}
    local ID
    for k,v in pairs(tbl.rooms) do
        ID = createRoomID()
        rooms[k] = ID
        addRoom(ID)
        setRoomName(ID,v.name)
        setRoomArea(ID,areaID)
        setRoomCoordinates(ID,unpack(v.coords))
        if type(v.stubs) == "table" then
            for i,j in pairs(v.stubs) do
                setExitStub(ID,j,true)
            end
        end
        for i,j in pairs(v.doors) do
            setDoor(ID,i,j)
        end
        setRoomUserData(ID,"portals",v.portals)
    end
    for k,v in pairs(tbl.rooms) do
        for i,j in pairs(v.exits) do
            if rooms[j] then
--                print("Setting Exit " .. rooms[k] .. " " .. rooms[j] .. " " .. i)
                connect_rooms(rooms[k],rooms[j],i)
            end
        end
        for i,j in pairs(v.special) do
            if rooms[j] then
                addSpecialExit(rooms[k],rooms[j],i)
            end
        end
    end
    for k,v in pairs(tbl.exits) do
        for i,j in pairs(v) do
            if getRoomName(j[1]) == j[2] then
                connect_rooms(rooms[k],j[1],i)
            end
        end
    end
    for k,v in pairs(tbl.special) do
        for i,j in pairs(v) do
            addSpecialExit(k,j[1],i)
        end
    end
    map.fix_portals()
    print("Area " .. tbl.name .. " imported from " .. name)
end

function map.set_recall()
    -- assigned the current room to be recall for the current character
    map.recall[map.character] = currentRoom
    table.save(getMudletHomeDir() .. "/map_recalls.dat",map.recall)
    print("Recall room set to: " .. getRoomName(currentRoom) .. ".")
end

function map.set_portal(name)
    -- creates a new portal in the room
    if mapping then
        if not string.starts(name,"-f ") then
            find_portal = name
        else
            name = string.gsub(name,"^-f ","")
            force_portal = name
        end
        move_queue = {name}
        send(name)
    end
end

function map.set_mode(mode)
    -- switches mapping modes
    if not table.contains({"simple","normal","complex"},mode) then error("Invalid Map Mode, must be 'simple', 'normal', or 'complex'.") end
    map_mode = mode
    print("Current mode set to: " .. mode)
end

function map.start_mapping(area_name)
    -- starts mapping, and sets the current area to the given one, or uses the current one
    if not currentName then
        print("Start Mapping Error: No room detected!")
        error("Start Mapping Error: No room detected!")
    end
    local rooms
    move_queue = {}
    area_name = area_name ~= "" and area_name or nil
    if currentArea and not area_name then
        local areas = getAreaTableSwap()
        area_name = areas[currentArea]
    end
    if not area_name then
        print("Start Mapping Error: No area set!")
        error("Start Mapping Error: No area set!")
    end
    print("Now mapping in area: " .. area_name)
    mapping = true
    find_area(area_name)
    rooms = find_room(currentName, currentArea)
    if table.is_empty(rooms) then
        if currentRoom and getRoomName(currentRoom) then
            map.set_area(area_name)
        else
            create_room(currentName, currentExits, nil, {0,0,0})
        end
    elseif currentRoom and currentArea ~= getRoomArea(currentRoom) then
        map.set_area(area_name)
    end
end

function map.stop_mapping()
    mapping = false
    print("Mapping off.")
end

function map.clear_moves()
    move_queue = {}
    print("Move queue cleared.")
end

function map.set_area(name)
    -- assigns the current room to the area given, creates the area if necessary
    if mapping then
        find_area(name)
        if currentRoom and getRoomArea(currentRoom) ~= currentArea then
            setRoomArea(currentRoom,currentArea)
            set_room(currentRoom)
        end
    end
end

function map.set_door(dir,status,one_way)
    -- adds a door on a given exit
    if mapping then
        if not currentRoom then error("Make Door: No room found.") end
        dir = exitmap[dir] or dir
        if not stubmap[dir] then error("Make Door: Invalid direction.") end
        status = (status ~= "" and status) or "closed"
        one_way = (one_way ~= "" and one_way) or "no"
        if not table.contains({"yes","no"},one_way) then error("Make Door: Invalid one-way status, must be yes or no.") end

        local exits = getRoomExits(currentRoom)
        local exit
        -- check handling of custom exits here
        for i = 13,#stubmap do
            exit = "exit " .. stubmap[i]
            exits[stubmap[i]] = tonumber(getRoomUserData(currentRoom,exit))
        end
        local target_room = exits[dir]
        if target_room then
            exits = getRoomExits(target_room)
            -- check handling of custom exits here
            for i = 13,#stubmap do
                exit = "exit " .. stubmap[i]
                exits[stubmap[i]] = tonumber(getRoomUserData(target_room,exit))
            end
        end
        if one_way == "no" and (target_room and exits[reverse_dirs[dir]] == currentRoom) then
            add_door(target_room,reverse_dirs[dir],status)
        end
        add_door(currentRoom,dir,status)
    end
end

function map.shift_room(dir)
    -- shifts a room around on the map
    if mapping then
        dir = assert(exitmap[dir] or (table.contains(exitmap,dir) and dir),"Exit Not Found")
        local x,y,z = getRoomCoordinates(currentRoom)
        dir = stubmap[dir]
        local coords = coordmap[dir]
        x = x + coords[1]
        y = y + coords[2]
        z = z + coords[3]
        setRoomCoordinates(currentRoom,x,y,z)
        centerview(currentRoom)
    end
end

local function check_link(firstID, secondID, dir)
    -- check to see if two rooms are connected in a given direction
    if not firstID then error("Check Link Error: No first ID",2) end
    if not secondID then error("Check Link Error: No second ID",2) end
    local name = getRoomName(firstID)
    local exits1 = table.union(getRoomExits(firstID),getRoomStubs(firstID))
    local exits2 = table.union(getRoomExits(secondID),getRoomStubs(secondID))
    local exit
    -- check handling of custom exits here
    for i = 13,#stubmap do
        exit = "exit " .. stubmap[i]
        exits1[stubmap[i]] = tonumber(getRoomUserData(firstID,exit))
        exits2[stubmap[i]] = tonumber(getRoomUserData(secondID,exit))
    end
    local checkID = exits2[reverse_dirs[dir]]
    local exits = {}
    for k,v in pairs(exits1) do
        table.insert(exits,k)
    end
    return checkID and check_room(checkID,name,exits)
end

function map.find_me(name, exits, dir)
    -- tries to locate the player using the current room name and exits, and if provided, direction of movement
    -- if direction of movement is given, narrows down possibilities using previous room info
    if move ~= "recall" then move_queue = {} end
    local check = dir and currentRoom and table.contains(exitmap,dir)
    name = name or currentName
    exits = exits or currentExits
    local rooms = find_room(name)
    local match_IDs = {}
    for k,v in pairs(rooms) do
        if check_room(k, name, exits) then
            table.insert(match_IDs,k)
        end
    end
    rooms = match_IDs
    match_IDs = {}
    if table.size(rooms) &gt; 1 and check then
        for k,v in pairs(rooms) do
            if check_link(currentRoom,v,dir) then
                table.insert(match_IDs,v)
            end
        end
    elseif random_move then
        for k,v in pairs(getRoomExits(currentRoom)) do
            if check_room(v,currentName,currentExits) then
                table.insert(match_IDs,v)
            end
        end
    end
    if table.size(match_IDs) == 0 then
        match_IDs = rooms
    end
    if table.contains(match_IDs,currentRoom) then
        match_IDs = {currentRoom}
    end
    if not table.is_empty(match_IDs) and not find_portal then
        set_room(match_IDs[1])
    elseif find_portal then
        if not table.is_empty(match_IDs) then
            print("FOUND PORTAL DESTINATION, LINKING ROOMS")
            addSpecialExit(currentRoom,match_IDs[1],find_portal)
            local portals = getRoomUserData(match_IDs[1],"portals") or ""
            portals = portals .. "," .. tostring(currentRoom)..":"..find_portal
            setRoomUserData(match_IDs[1],"portals",portals)
            set_room(match_IDs[1])
        else
            print("CREATING PORTAL DESTINATION")
            create_room(currentName, currentExits, nil, {getRoomCoordinates(currentRoom)})
        end
        find_portal = false
    end
end

function map.fix_portals()
    if mapping then
        -- used to clear and update data for portal back-referencing
        local rooms = getRooms()
        local portals
        for k,v in pairs(rooms) do
            setRoomUserData(k,"portals","")
        end
        for k,v in pairs(rooms) do
            for cmd,room in pairs(getSpecialExitsSwap(k)) do
                portals = getRoomUserData(room,"portals") or ""
                if portals ~= "" then portals = portals .. "," end
                portals = portals .. tostring(k) .. ":" .. cmd
                setRoomUserData(room,"portals",portals)
                --print(room,portals)
            end
        end
    end
end

function map.merge_rooms()
    -- used to combine essentially identical rooms with the same coordinates
    -- typically, these are generated due to mapping errors
    if mapping then
        local x,y,z = getRoomCoordinates(currentRoom)
        local rooms = getRoomsByPosition(currentArea,x,y,z)
        local exits, portals,room,cmd,curportals
        for k,v in pairs(rooms) do
            if v ~= currentRoom then
                if getRoomName(v) == getRoomName(currentRoom) then
                    for k1,v1 in pairs(getRoomExits(v)) do
                        setExit(currentRoom,v1,stubmap[k1])
                        exits = getRoomExits(v1)
                        if exits[reverse_dirs[k1]] == v then
                            setExit(v1,currentRoom,stubmap[reverse_dirs[k1]])
                        end
                    end
                    for k1,v1 in pairs(getDoors(v)) do
                        setDoor(currentRoom,k1,v1)
                    end
                    for k1,v1 in pairs(getSpecialExitsSwap(v)) do
                        addSpecialExit(currentRoom,v1,k1)
                    end
                    portals = getRoomUserData(v,"portals") or ""
                    if portals ~= "" then
                        portals = string.split(portals,",")
                        for k1,v1 in ipairs(portals) do
                            room,cmd = unpack(string.split(v1,":"))
                            addSpecialExit(tonumber(room),currentRoom,cmd)
                            curportals = getRoomUserData(currentRoom,"portals") or ""
                            if not string.find(curportals,room) then
                                curportals = curportals .. "," .. room .. ":" .. cmd
                                setRoomUserData(currentRoom,"portals",curportals)
                            end
                        end
                    end
                    -- check handling of custom exits here for doors and exits, and reverse exits
                    for i = 13,#stubmap do
                        local door = "door " .. stubmap[i]
                        local tmp = tonumber(getRoomUserData(v,door))
                        if tmp then
                            setRoomUserData(currentRoom,door,tmp)
                        end
                        local exit = "exit " .. stubmap[i]
                        tmp = tonumber(getRoomUserData(v,exit))
                        if tmp then
                            setRoomUserData(currentRoom,exit,tmp)
                            if tonumber(getRoomUserData(tmp, "exit " .. reverse_dirs[stubmap[i]])) == v then
                                setRoomUserData(tmp, exit, currentRoom)
                            end
                        end
                    end
                    deleteRoom(v)
                end
            end
        end
    end
end

function doSpeedWalk()
    -- we can do a lot here, this fires when a room is double clicked on, and is intended to speedwalk to it
    print("Path to " .. getRoomName(speedWalkPath[#speedWalkPath]) .. ": " .. table.concat(speedWalkDir, ", "))
end

function map.eventHandler(event,...)
    if event == "onPrompt" and room_detected then
        room_detected = false
        capture_room_info(map.prompt.room, map.prompt.exits)
    elseif event == "onMoveFail" then
        table.remove(move_queue,1)
    elseif event == "onVisionFail" then
        vision_fail = true
        room_detected = true
    elseif event == "onRandomMove" then
        random_move = true
        move_queue = {}
    elseif event == "onForcedMove" then
        capture_move_cmd(arg[1],arg[2]=="true")
    elseif event == "onNewRoom" then
        room_detected = true
    elseif event == "sysDataSendRequest" then
        capture_move_cmd(arg[1])
    elseif event == "sysDownloadDone" and downloading then
        loadMap(getMudletHomeDir() .. "/map.dat")
        downloading = false
        print("[Mapper] Map File Loaded.")
    elseif event == "sysConnectionEvent" or event == "sysInstall" then
        print("[Mapper] Profile connected.")
				config()
    end
end

registerAnonymousEventHandler("sysDownloadDone", "map.eventHandler")
registerAnonymousEventHandler("sysConnectionEvent", "map.eventHandler")
registerAnonymousEventHandler("sysInstall", "map.eventHandler")
registerAnonymousEventHandler("sysDataSendRequest", "map.eventHandler")
registerAnonymousEventHandler("onPrompt", "map.eventHandler")
registerAnonymousEventHandler("onMoveFail","map.eventHandler")
registerAnonymousEventHandler("onVisionFail","map.eventHandler")
registerAnonymousEventHandler("onRandomMove","map.eventHandler")
registerAnonymousEventHandler("onForcedMove","map.eventHandler")
registerAnonymousEventHandler("onNewRoom","map.eventHandler")
</script>
				<eventHandlerList />
			</Script>
		</ScriptGroup>
	</ScriptPackage>
	<KeyPackage />
	<VariablePackage>
		<HiddenVariables />
		<VariableGroup>
			<name>names</name>
			<keyType>4</keyType>
			<value></value>
			<valueType>5</valueType>
		</VariableGroup>
	</VariablePackage>
</MudletPackage>
